CHIEFDOM,SECTION,LOCALITY
Bure Kasseh Maconteh,Kagbanthama,Kagbanthama 
Bure Kasseh Maconteh,Kagbanthama,Gbomstrait
Bure Kasseh Maconteh,Kagbanthama,Ro-Wullah
Bure Kasseh Maconteh,Kagbanthama,Ro-Maron
Bure Kasseh Maconteh,Kagbanthama,Ro-Frana
Bure Kasseh Maconteh,Kagbanthama,Komrabai
Bure Kasseh Maconteh,Kagbanthama,Ro-Fothareh
Bure Kasseh Maconteh,Romeni,Petifu Tolon
Bure Kasseh Maconteh,Romeni,Roktolon
Bure Kasseh Maconteh,Romeni,Romeni
Bure Kasseh Maconteh,Romeni,Makonda
Bure Kasseh Maconteh,Romeni,Laminaya
Bure Kasseh Maconteh,Romeni,Rotimbo
Bure Kasseh Maconteh,Romeni,Matinga
Bure Kasseh Maconteh,Romeni,Rothongbai
Bure Kasseh Maconteh,Romeni,Rokon
Bure Kasseh Maconteh,Rotifunk,Lungi
Bure Kasseh Maconteh,Rotifunk,Rogbalan
Bure Kasseh Maconteh,Rotifunk,Makobba
Bure Kasseh Maconteh,Rotifunk,Mayisneh
Bure Kasseh Maconteh,Rotifunk,Rotifunk
Bure Kasseh Maconteh,Rotifunk,Makel
Bure Kasseh Maconteh,Rotifunk,Maforay
Bure Kasseh Maconteh,Rotifunk,Mahera
Bure Kasseh Maconteh,Rotifunk,Tassor
Bure Kasseh Maconteh,Rotifunk,Ro-Woreh
Bure Kasseh Maconteh,Rotifunk,Gbomsul
Bure Kasseh Maconteh,Rotifunk,Rogbithor
Bure Kasseh Maconteh,Rotifunk,Madee
Bure Kasseh Maconteh,Rotifunk,Rothain
Bure Kasseh Maconteh,Rotifunk,Mamboi
Bure Kasseh Maconteh,Rotifunk,Mabureh
Bure Kasseh Maconteh,Rotifunk,Masimba
Bure Kasseh Maconteh,Barmoi,Mabanta
Bure Kasseh Maconteh,Barmoi,Mataeti
Bure Kasseh Maconteh,Barmoi,Barmoi
Bure Kasseh Maconteh,Barmoi,Ro-Tawa
Bure Kasseh Maconteh,Barmoi,Gbonkor
Bure Kasseh Maconteh,Barmoi,Mataray
Bure Kasseh Maconteh,Kaiyeabor,Foredugu
Bure Kasseh Maconteh,Kaiyeabor,Gbonkormakent
Bure Kasseh Maconteh,Kaiyeabor,Rolal Thameso
Bure Kasseh Maconteh,Kaiyeabor,Mashaka
Bure Kasseh Maconteh,Kaiyeabor,Ro-Koya
Bure Kasseh Maconteh,Kaiyeabor,Mabin
Bure Kasseh Maconteh,Kaiyeabor,Malal Conteh
Bure Kasseh Maconteh,Kaiyeabor,Ro Karma
Bure Kasseh Maconteh,Kaiyeabor,Magberen
Bure Kasseh Maconteh,Kaiyeabor,Robat
Bure Kasseh Maconteh,Kaiyeabor,Kaiyeabor
Bure Kasseh Maconteh,Mabombo,Makobba
Bure Kasseh Maconteh,Mabombo,Rolal
Bure Kasseh Maconteh,Mabombo,Mamankie
Bure Kasseh Maconteh,Mabombo,Royanah
Bure Kasseh Maconteh,Mabombo,Mashtia
Bure Kasseh Maconteh,Mabombo,Kiampidi
Bure Kasseh Maconteh,Mabombo,Masonnie
Bure Kasseh Maconteh,Mabombo,Rokmalal
Bure Kasseh Maconteh,Mabombo,Mabombo
Bure Kasseh Maconteh,Mabombo,Malakuray
Bure Kasseh Maconteh,Mabombo,Madeh
Bure Kasseh Maconteh,Mabombo,Making
Bure Kasseh Maconteh,Mabombo,Ro-Sarr
Bure Kasseh Maconteh,Minthormore,Ro-gbesseh
Bure Kasseh Maconteh,Minthormore,Ro-Kerima
Bure Kasseh Maconteh,Minthormore,Kholipha
Bure Kasseh Maconteh,Minthormore,Ro-Sellah
Bure Kasseh Maconteh,Minthormore,Maranka
Bure Kasseh Maconteh,Minthormore,Minthormore
Bure Kasseh Maconteh,Minthormore,Ro-yeankeh
Bure Kasseh Maconteh,Minthormore,Makumaray
Bure Kasseh Maconteh,Minthormore,Makamlah
Bure Kasseh Maconteh,Minthormore,Ro-Mankneh
Bure Kasseh Maconteh,Minthormore,Ro-Gbaray
Bure Kasseh Maconteh,Minthormore,Makasie
Bure Kasseh Maconteh,Kambia Morie,Makotha
Bure Kasseh Maconteh,Kambia Morie,Magbaft
Bure Kasseh Maconteh,Kambia Morie,Kareneh
Bure Kasseh Maconteh,Kambia Morie,Kamabia Morie 
Bure Kasseh Maconteh,Rogbia,Rokon
Bure Kasseh Maconteh,Rogbia,Kagbagbra
Bure Kasseh Maconteh,Rogbia,Makarbth
Bure Kasseh Maconteh,Rogbia,Ro-Sarian
Bure Kasseh Maconteh,Rogbia,Rogbla
Bure Kasseh Maconteh,Rogbia,Makama
Bure Kasseh Maconteh,Rogbia,Rothun
Bure Kasseh Maconteh,Rogbia,Bankro
Bure Kasseh Maconteh,Rogbia,Massesh
Bure Kasseh Maconteh,Mamanka,Bureh
Bure Kasseh Maconteh,Mamanka,Mamanka
Bure Kasseh Maconteh,Mamanka,Manata
Bure Kasseh Maconteh,Marenka,Ro-Kukuna
Bure Kasseh Maconteh,Marenka,Gbonkor-Makal
Bure Kasseh Maconteh,Marenka,Rogbla
Bure Kasseh Maconteh,Marenka,Magbanty
Bure Kasseh Maconteh,Marenka,Ro-yanka
Bure Kasseh Maconteh,Marenka,Ro-Madina
Bure Kasseh Maconteh,Marenka,Ro-Konike
Bure Kasseh Maconteh,Marenka,Ro-Mapah
Bure Kasseh Maconteh,Marenka,Rokthenti
Bure Kasseh Maconteh,Marenka,Ro-Maro
Bure Kasseh Maconteh,Marenka,Petifu-Mareth
Bure Kasseh Maconteh,Marenka,Ro-Kawhengna
Bure Kasseh Maconteh,Marenka,Ro-Magbado
Bure Kasseh Maconteh,Marenka,Marenka
Bure Kasseh Maconteh,Marenka,Ro-Kama
Bure Kasseh Maconteh,Marenka,Ro-Magbema
Bure Kasseh Maconteh,Yali Sanda,Youkro
Bure Kasseh Maconteh,Yali Sanda,Yali Sand
Bure Kasseh Maconteh,Yali Sanda,Ropulun
Bure Kasseh Maconteh,Yali Sanda,Masaimbo
Bure Kasseh Maconteh,Yali Sanda,Mayama
Bure Kasseh Maconteh,Makana,Simbeck
Bure Kasseh Maconteh,Makana,Banthoro I
Bure Kasseh Maconteh,Makana,Masimra
Bure Kasseh Maconteh,Makana,Makana
Bure Kasseh Maconteh,Makana,Mayoisor
Bure Kasseh Maconteh,Makana,Making I
Bure Kasseh Maconteh,Konta Ferry,Konta I
Bure Kasseh Maconteh,Kalangba,Rosint - Sengbe
Bure Kasseh Maconteh,Kalangba,Mataeti
Bure Kasseh Maconteh,Kalangba,Konta-Wosie
Bure Kasseh Maconteh,Kalangba,Malal Mange
Bure Kasseh Maconteh,Kalangba,Rogbap
Bure Kasseh Maconteh,Kalangba,Mafalah
Bure Kasseh Maconteh,Kalangba,Ro-Worreh
Bure Kasseh Maconteh,Kalangba,Kalangba
Bure Kasseh Maconteh,Kalangba,Yalenathema
Bure Kasseh Maconteh,Kalangba,Magbotha
Bure Kasseh Maconteh,Kalangba,MatfalahThasain
Bure Kasseh Maconteh,Kalangba,Kanthabana
Bure Kasseh Maconteh,Mange,Makalie
Bure Kasseh Maconteh,Mange,Kafap
Bure Kasseh Maconteh,Mange,Bongloh Ferry
Bure Kasseh Maconteh,Mange,Mange Morie 
Buya Romende,Worreh Mapoteh,Mamuntheneh
Buya Romende,Worreh Mapoteh,Maloko
Buya Romende,Worreh Mapoteh,Worreh Mapoteh
Buya Romende,Worreh Mapoteh,Masanasi
Buya Romende,Worreh Mapoteh,Makonday
Buya Romende,Worreh Mapoteh,Makuth
Buya Romende,Manum Gbu,Makarankay
Buya Romende,Manum Gbu,Makonko
Buya Romende,Manum Gbu,Maribo
Buya Romende,Manum Gbu,Makapr
Buya Romende,Manum Gbu,Gburahun (Rotifunk)
Buya Romende,Manum Gbu,Manungbu
Buya Romende,Manum Gbu,Masamboi
Buya Romende,Manum Gbu,Kamba Loko
Buya Romende,Manum Gbu,Ropote
Buya Romende,Manum Gbu,Pepel
Buya Romende,Manum Gbu,Mafurikuna
Buya Romende,Manum Gbu,Worreh Yasama
Buya Romende,Mabureh Buya,Makola
Buya Romende,Mabureh Buya,Royema
Buya Romende,Mabureh Buya,Roktenti
Buya Romende,Mabureh Buya,Mamari
Buya Romende,Mabureh Buya,Bunkeli
Buya Romende,Mabureh Buya,Maronko
Buya Romende,Mabureh Buya,Mafuri-Bala
Buya Romende,Rosint,Mabantha
Buya Romende,Rosint,Robumbe
Buya Romende,Rosint,Mankne
Buya Romende,Rosint,Karineh
Buya Romende,Rosint,Kalangba
Buya Romende,Rosint,Komrabai
Buya Romende,Rosint,Dobuya
Buya Romende,Rosint,Rosint
Buya Romende,Rosint,Masamu
Buya Romende,Rosint,Romacca I
Buya Romende,Rosint,Magbana
Buya Romende,Rosint,Rogbaidema
Buya Romende,Magbemgbeh,Tiama
Buya Romende,Magbemgbeh,Makankwi
Buya Romende,Magbemgbeh,Masine
Buya Romende,Magbemgbeh,Fransa
Buya Romende,Magbemgbeh,Makapr
Buya Romende,Magbemgbeh,Makonimo-Robia
Buya Romende,Magbemgbeh,Petifu
Buya Romende,Magbemgbeh,Rogbaneh
Buya Romende,Kamasondo,Kolifa
Buya Romende,Kamasondo,Ropolon
Buya Romende,Kamasondo,Mafinta
Buya Romende,Kamasondo,Wula
Buya Romende,Kamasondo,Petifu-Mapan
Buya Romende,Kamasondo,Kamasundu
Buya Romende,Kamasondo,Malal
Buya Romende,Kamasondo,Masonko
Buya Romende,Kamasondo,Masemabe
Buya Romende,Kamasondo,Masema
Buya Romende,Gbaran Kamba,Mabasi
Buya Romende,Gbaran Kamba,Worreh Jidda
Buya Romende,Gbaran Kamba,Worreh Matham
Buya Romende,Gbaran Kamba,Wari-Bana
Buya Romende,Gbaran Kamba,Machama
Buya Romende,Gbaran Kamba,Worreh Makosa
Buya Romende,Gbaran Kamba,Matoko
Buya Romende,Gbaran Kamba,Makundi
Buya Romende,Gbaran Kamba,Nongoba
Buya Romende,Gbaran Kamba,Maso
Buya Romende,Gbaran Kamba,Madoko
Buya Romende,Gbaran Kamba,Makin
Buya Romende,Gbaran Kamba,Yanka
Buya Romende,Gbaran Kamba,Madika
Buya Romende,Gbaran Kamba,Robailor
Buya Romende,Gbaran Kamba,Rogboro
Buya Romende,Gbaran Kamba,Melikuray
Buya Romende,Gbaran Kamba,Majene
Buya Romende,Gbaran Kamba,Mankne-Mabassie
Buya Romende,Gbaran Kamba,Robumba
Buya Romende,Gbaran Kamba,Rogbaran
Buya Romende,Foredugu,Rotheren
Buya Romende,Foredugu,Rokon
Buya Romende,Foredugu,Gbomsamba
Buya Romende,Foredugu,Makali Wula
Buya Romende,Foredugu,Madigba
Buya Romende,Foredugu,Bantamo
Buya Romende,Foredugu,Masanasi
Buya Romende,Foredugu,Rothongbai
Buya Romende,Foredugu,Komrobai I
Buya Romende,Foredugu,Makaba
Buya Romende,Foredugu,Masheka
Buya Romende,Foredugu,Makinkinba
Buya Romende,Foredugu,Foredugu I
Buya Romende,Foredugu,Mankne- Masigbo
Buya Romende,Foredugu,Bankasoka
Buya Romende,Foredugu,Mabettor
Buya Romende,Robis,Romende
Buya Romende,Robis,Matongbai
Buya Romende,Robis,Robis
Buya Romende,Robis,Makolo
Buya Romende,Robis,Masemabu
Buya Romende,Robis,Mayolemp
Buya Romende,Robis,Petifu-Lol I
Buya Romende,Robis,Fotani
Buya Romende,Robis,Madina I
Buya Romende,Robis,Rosal
Buya Romende,Robis,Mafonti
Buya Romende,Robis,Romacca
Buya Romende,Rokel,Royel
Buya Romende,Rokel,Maforay
Buya Romende,Rokel,Bunka
Buya Romende,Rokel,Gbabai
Buya Romende,Rokel,Gbom-Will
Buya Romende,Rokel,Rokel
Buya Romende,Mabureh Mende,Romandina
Buya Romende,Mabureh Mende,Rogbalan
Buya Romende,Mabureh Mende,Masailo
Buya Romende,Mabureh Mende,Royema
Buya Romende,Mabureh Mende,Magbakai
Buya Romende,Mabureh Mende,Masu
Buya Romende,Mabureh Mende,Gbom-Bana
Buya Romende,Mabureh Mende,Rokthenti
Buya Romende,Mabureh Mende,Gbom-Dora
Buya Romende,Mabureh Mende,Mabure - Bana
Buya Romende,Petifu Bana,Roten
Buya Romende,Petifu Bana,Petifu-Bana
Buya Romende,Petifu Bana,Masoko
Buya Romende,Petifu Bana,Mayando
Buya Romende,Petifu Bana,Royel
Buya Romende,Petifu Bana,Rogbese
Buya Romende,Petifu Bana,Masoko
Buya Romende,Petifu Bana,Rotana
Buya Romende,Petifu Bana,Makel
Buya Romende,Petifu Bana,Mabai
Buya Romende,Petifu Bana,Konta
Dibia,Rogbalan,Gbila
Dibia,Rogbalan,Gbalan
Dibia,Rogbalan,Rotuk
Dibia,Rogbalan,Rosint
Dibia,Rogbalan,Royel
Dibia,Kayembor,Magbaren
Dibia,Kayembor,Gbomyiba
Dibia,Kayembor,Makina
Dibia,Kayembor,Maseka
Dibia,Kayembor,Masana
Dibia,Kayembor,Maron
Dibia,Kayembor,Gbene
Dibia,Kayembor,Kukuna
Dibia,Makabari,Matokali
Dibia,Makabari,Gbombana
Dibia,Makabari,Makabari
Dibia,Makabari,Mafuri
Dibia,Makabari,Petifu
Dibia,Makabari,Ro-Fransa
Dibia,Konta Kargob,Konta
Dibia,Konta Kargob,Makamne
Dibia,Konta Kargob,Kamba
Dibia,Konta Kargob,Magbolonto
Dibia,Makump,Mabockarie
Dibia,Makump,Matamu
Dibia,Makump,Marenka
Dibia,Makump,Makali
Dibia,Makump,Mafekina
Dibia,Makump,Makump
Dibia,Makump,Kalangbani I
Dibia,Makump,Mafawki
Dibia,Makump,Maputa
Dibia,Makump,Makamie
Dibia,Makump,Gbonkopila
Dibia,Karine,Makal
Dibia,Karine,Kalangba
Dibia,Karine,Maribi
Dibia,Karine,Masane
Dibia,Karine,Mabereh
Dibia,Mafonda,Rotifunk
Dibia,Mafonda,Mabonto
Dibia,Mafonda,Pulun
Dibia,Mafonda,Maneipeh
Dibia,Mafonda,Mabure
Dibia,Mafonda,Mamboi
Dibia,Mafonda,Mashik
Dibia,Mafonda,Katic
Dibia,Mafonda,Roktolon
Dibia,Mafonda,Mataine
Dibia,Mafonda,Sandabana
Dibia,Mafonda,Matoi
Dibia,Mafonda,Konta
Dibia,Mafonda,Roten
Dibia,Mafonda,Kirima
Dibia,Mafonda,Simbech
Dibia,Mafonda,Masebe
Dibia,Mafonda,Gbiton
Dibia,Mafonda,Magboroko
Dibia,Mafonda,Mamai (Rogbom)
Dibia,Mafonda,Gbentema
Kafu Bullom,Mayaya,Rowal
Kafu Bullom,Mayaya,Ketelle
Kafu Bullom,Mayaya,Mondo
Kafu Bullom,Mayaya,Mayaya
Kafu Bullom,Mayaya,Kitonki
Kafu Bullom,Kasongha,Bullom
Kafu Bullom,Kasongha,Kalath
Kafu Bullom,Kasongha,Gbonkru
Kafu Bullom,Kasongha,Thinkai
Kafu Bullom,Kasongha,Mabendo
Kafu Bullom,Kasongha,Tombo Lol
Kafu Bullom,Kasongha,Gbombali
Kafu Bullom,Kasongha,Gbonko
Kafu Bullom,Kasongha,Kasongha
Kafu Bullom,Kasongha,Yema
Kafu Bullom,Kasongha,Ratifunk
Kafu Bullom,Lungi,Mape
Kafu Bullom,Lungi,Sania
Kafu Bullom,Lungi,Santigiya
Kafu Bullom,Lungi,Dentema
Kafu Bullom,Lungi,Keneday
Kafu Bullom,Lungi,Samuya
Kafu Bullom,Lungi,Uroya
Kafu Bullom,Lungi,Koimaya
Kafu Bullom,Lungi,Bairribaia
Kafu Bullom,Lungi,Koboia
Kafu Bullom,Lungi,Sanda
Kafu Bullom,Lungi,Moneya
Kafu Bullom,Lungi,Lungi
Kafu Bullom,Mahera,Mahera
Kafu Bullom,Rosint,Madina
Kafu Bullom,Rosint,Rogbom
Kafu Bullom,Rosint,Tadi
Kafu Bullom,Rosint,Tagrin
Kafu Bullom,Rosint,Kakim
Kafu Bullom,Mamanki,Robis
Kafu Bullom,Mamanki,Maloko
Kafu Bullom,Mamanki,Kafunka
Kafu Bullom,Mamanki,Hingaya
Kafu Bullom,Mamanki,Sumbuya
Kafu Bullom,Mamanki,Yeliba
Kafu Bullom,Mamanki,Mamanki
Kafu Bullom,Mamanki,Rogberay
Kafu Bullom,Yongro,Yongo
Kafu Bullom,Yongro,Tulomasaw
Kafu Bullom,Yongro,Rogbanti
Kafu Bullom,Yongro,Maboni
Kafu Bullom,Yongro,Kagbeli
Kafu Bullom,Foronkoya,Kerife
Kafu Bullom,Foronkoya,Ponka
Kafu Bullom,Foronkoya,Romaneh
Kafu Bullom,Foronkoya,Makasa
Kafu Bullom,Foronkoya,Petifu
Kafu Bullom,Foronkoya,Gbane Lol
Kafu Bullom,Foronkoya,Mabotaytay
Kafu Bullom,Foronkoya,Perimeter
Kafu Bullom,Foronkoya,Sawkta
Kafu Bullom,Foronkoya,Kamasundo
Kafu Bullom,Foronkoya,Banda
Koya,Benkia,Benkia
Koya,Benkia,Robana
Koya,Benkia,Shylor
Koya,Benkia,Makipite
Koya,Benkia,Mathamkiya
Koya,Benkia,Mabanie
Koya,Benkia,Mabomp
Koya,Benkia,Rothcomp
Koya,Benkia,Mayeki
Koya,Benkia,Kegbeli
Koya,Benkia,Makainkay
Koya,Benkia,Makambo
Koya,Benkia,Manday
Koya,Benkia,Rogbom
Koya,Benkia,Bekemabuya
Koya,Benkia,Royele
Koya,Benkia,Mayoma
Koya,Benkia,Malanko
Koya,Benkia,Romaka
Koya,Benkia,Gbonkomabuya
Koya,Fondu,Makuru
Koya,Fondu,Petifu
Koya,Fondu,Masiaka
Koya,Fondu,Maseray
Koya,Fondu,Magbando I
Koya,Fondu,Madiwa
Koya,Fondu,Magbla
Koya,Fondu,Kadanika
Koya,Fondu,Madigba
Koya,Fondu,Masera
Koya,Fondu,Makaykor
Koya,Fondu,Masankeray
Koya,Fondu,Kamatur
Koya,Fondu,Magbanasanko
Koya,Fondu,Fondu
Koya,Fondu,Rogbere
Koya,Fondu,Mafikan
Koya,Fondu,Maluseni
Koya,Fondu,Rogboro
Koya,Foredugu,Foredugu
Koya,Foredugu,Roworeh
Koya,Foredugu,Maboko
Koya,Foredugu,Mabamboo
Koya,Foredugu,Layah
Koya,Foredugu,Mano
Koya,Foredugu,Mabain
Koya,Foredugu,Bathol I
Koya,Foredugu,Masorie I
Koya,Foredugu,Makeray
Koya,Foredugu,Masumana
Koya,Foredugu,Manant
Koya,Foredugu,Limba Corner
Koya,Foredugu,Maputa
Koya,Foredugu,Royema
Koya,Foredugu,Mafintha
Koya,Foredugu,Gbomkainday
Koya,Foredugu,Ropath I
Koya,Foredugu,Kuranko
Koya,Foredugu,Mabendu
Koya,Foredugu,Makandeh
Koya,Foredugu,Malamina
Koya,Foredugu,Pebul I
Koya,Foredugu,Masampa I
Koya,Foredugu,Mabithna
Koya,Foredugu,Makanbu
Koya,Foredugu,Mayon
Koya,Foredugu,Magembeh
Koya,Foredugu,Madina
Koya,Foredugu,Makamborie
Koya,Foredugu,Mabol
Koya,Foredugu,Magbonkneh
Koya,Foredugu,Mayomra
Koya,Futa,Kumrabai
Koya,Futa,Mabamba
Koya,Futa,Rosint
Koya,Futa,Roken
Koya,Futa,Mashineh
Koya,Futa,Futa
Koya,Gbabai,Gbabai
Koya,Gbabai,Komrabai Adem
Koya,Gbabai,Mamara
Koya,Gbabai,Makumpa
Koya,Gbabai,Rogborroh
Koya,Gbabai,Maseka
Koya,Gbabai,Sumbuya
Koya,Gbabai,Rolal
Koya,Gbabai,Mathaka
Koya,Gbabai,Makondo
Koya,Kagbala A,Moboima
Koya,Kagbala A,Magbana
Koya,Kagbala A,Mathanteh
Koya,Kagbala A,Madaka
Koya,Kagbala A,Masiafa
Koya,Kagbala A,Jabama
Koya,Kagbala A,Masantigie
Koya,Kagbala A,Bathley
Koya,Kagbala A,Makoi
Koya,Kagbala A,Patefu hamburg
Koya,Kagbala A,Kigbal
Koya,Kagbala A,Rogbeloh
Koya,Kagbala A,Mabenthel
Koya,Kagbala A,Rogbaneh
Koya,Kagbala A,Mamarlai
Koya,Kagbala A,Masogbel
Koya,Kagbala A,Magomo
Koya,Kagbala A,Makobeh
Koya,Kagbala A,Gborbu
Koya,Kagbala A,Matinbose
Koya,Kagbala A,Maraka
Koya,Kagbala B,Makabi
Koya,Kagbala B,Mashank
Koya,Kagbala B,Matombo
Koya,Kagbala B,Roshop
Koya,Kagbala B,Kiss Koya
Koya,Kagbala B,Masoko
Koya,Kagbala B,Krima
Koya,Kagbala B,Mamanso
Koya,Kagbala B,Rogbom
Koya,Magbandoma,Foindo Lol
Koya,Magbandoma,Bekemanle
Koya,Magbandoma,Magbonto Bana
Koya,Magbandoma,Mamamah
Koya,Magbandoma,Mamamah
Koya,Magbandoma,Mile 36
Koya,Magbandoma,Magbandoma
Koya,Magbandoma,Rokupr
Koya,Magbandoma,Mayopo
Koya,Magbandoma,Mabol
Koya,Magbandoma,Mamandu
Koya,Magbandoma,Mabalay
Koya,Magbandoma,Matebay
Koya,Magbeni,Samarank
Koya,Magbeni,Rotaindokom
Koya,Magbeni,Masanthon
Koya,Magbeni,Mashangbe
Koya,Magbeni,Makuna
Koya,Magbeni,Masantigie
Koya,Magbeni,Magbeni
Koya,Magbeni,Mafonikay
Koya,Magbeni,Warima
Koya,Magbeni,Ropolon
Koya,Magbeni,Mayekson
Koya,Magbeni,Makainkai
Koya,Magbeni,Masorie Mambo
Koya,Magbeni,Malegbeh
Koya,Magbeni,Malenki
Koya,Magbeni,Magbuntorkali
Koya,Magbeni,Masheripoth
Koya,Magbeni,Rogbom
Koya,Magbeni,Magbunthosor
Koya,Mahera,Magbanka
Koya,Mahera,Makabie
Koya,Mahera,Mapanthaneh
Koya,Mahera,Rochain
Koya,Mahera,Royola
Koya,Mahera,Bathsamp
Koya,Mahera,Masi Bana
Koya,Mahera,Mamesa
Koya,Mahera,Malai
Koya,Mahera,Makonteh
Koya,Mahera,Makamborie
Koya,Mahera,Moforay I
Koya,Mahera,Mafinda
Koya,Marefa,Mange
Koya,Marefa,Robarka
Koya,Marefa,Robin
Koya,Marefa,Komrabai Dokr
Koya,Marefa,Masheri
Koya,Marefa,Mathaka
Koya,Marefa,Makali
Koya,Marefa,Rotaindokom
Koya,Marefa,Komrabai Gbessi
Koya,Marefa,Kenema
Koya,Marefa,Momrabai Boboli
Koya,Marefa,Rotimbo
Koya,Marefa,Sumbuya
Koya,Marefa,Mankansah
Koya,Marefa,Mene Town
Koya,Marefa,Mabaya
Koya,Marefa,Malal
Koya,Marefa,Ro-Gbap
Koya,Marefa,Marefa
Koya,Marefa,Magbema
Koya,Marefa,Mabango
Koya,Marefa,Machea
Koya,Matene,Matene I
Koya,Matene,Makabu/Masimor
Koya,Matene,Lumpa
Koya,Matene,Magbla
Koya,Matene,Rogberi
Koya,Matene,Makambor
Koya,Matene,Mayamba
Koya,Matene,Petifu Kangallop
Koya,Matene,Makera
Koya,Matene,Magbhanna
Koya,Matene,Maseray
Koya,Matene,Mafofaya
Koya,Matene,Warima
Koya,Matene,Warima
Koya,Matene,Makarbay
Koya,Matene,Mamoi
Koya,Matene,Mapath
Koya,Matene,Magbankapie
Koya,Matene,Makiteh
Koya,Matene,Mabuya
Koya,Matene,Marampa
Koya,Mathire,Mathirie
Koya,Mathire,Makombe
Koya,Mathire,Maworoko
Koya,Mathire,Rogbom
Koya,Mathire,Makosseh
Koya,Mathire,Magbentha
Koya,Mathire,Makondo
Koya,Mathire,Songo
Koya,Mathire,Kamathur
Koya,Mathire,Mabamba
Koya,Mawoma,Mabaiyonko
Koya,Mawoma,Matieh I
Koya,Mawoma,Makolerr
Koya,Mawoma,Robana
Koya,Mawoma,Royema
Koya,Mawoma,Makoya
Koya,Mawoma,Mamoa I
Koya,Mawoma,Mamorlai
Koya,Mawoma,Marroma
Koya,Mawoma,Mabankra
Koya,Mawoma,Mamusa
Koya,Mawoma,Makiani
Koya,Mawoma,Matopi
Koya,Mawoma,Makalie
Koya,Mawoma,Mabalay
Koya,Mawoma,Masembeh
Koya,Mawoma,Mabeseh
Koya,Mawoma,Malone
Koya,Mawoma,Romaneh
Koya,Mawoma,Royanka
Koya,Mawoma,Makarankry
Koya,Mawoma,Makarankry
Koya,Mawoma,Matimbah
Koya,Mawoma,Makuntor Koya
Koya,Mawoma,Mafulumu Koya
Koya,Mawoma,Batpo
Koya,Robia,Malimba
Koya,Robia,Mabangura
Koya,Robia,Beke Bana
Koya,Robia,Rogbom
Koya,Robia,Rogbere
Koya,Robia,Roloko
Koya,Robia,Royema
Koya,Robia,Mademokai
Koya,Robia,Mashinkai
Koya,Robia,Maliasoko
Koya,Robia,Mayoko
Koya,Robia,Masomba
Koya,Rokel,Masafi
Koya,Rokel,Maseka
Koya,Rokel,Royanka
Koya,Rokel,Roworeh
Koya,Rokel,Rogbore
Koya,Rokel,Makin
Koya,Rokel,Rogbai
Koya,Rokel,Rofaye
Koya,Rokel,Rotifunk
Koya,Rokel,Petifu Mendesora
Koya,Rokel,Royele
Koya,Rokel,Ropolon
Koya,Roponka,Mabathe
Koya,Roponka,Madimshi
Koya,Roponka,Maluseni
Koya,Roponka,Mamara
Koya,Roponka,Mameri
Koya,Roponka,Robanka
Koya,Roponka,Makombor
Koya,Rosarr,Makeni Ferry
Koya,Rosarr,Rosarr
Koya,Rosarr,Mayamba Pothka
Koya,Rosarr,Makankry
Koya,Rosarr,Maronko
Koya,Rosarr,Rogboro
Koya,Rosarr,Mashayma
Koya,Rosarr,Makali
Koya,Rosarr,Robis I
Koya,Rosarr,Mabora
Koya,Rosarr,Magboko
Koya,Rosarr,Magbe Lol
Koya,Rosarr,Mabareh
Koya,Sanda,Mathombo
Koya,Sanda,Matham
Koya,Sanda,Mabiareh Fangbeh
Koya,Sanda,Gbreh
Koya,Sanda,Mamusa
Koya,Sanda,Malenka
Koya,Sanda,Rosanda
Koya,Sanda,Majeshi
Koya,Sanda,Malegbeh
Koya,Sanda,Mashimbara
Koya,Sanda,Madik
Koya,Sanda,Makeray
Koya,Sanda,Mamara
Koya,Sanda,Makoloh
Koya,Tumba,Tumba
Koya,Tumba,Rogbom
Koya,Tumba,Rogbomtama
Koya,Tumba,Ropolon
Koya,Tumba,Makonkoma
Koya,Tumba,Romamanah
Koya,Tumba,Kambia
Koya,Tumba,Rosengbeh
Koya,Tumba,Mabaimba Dama
Koya,Tumba,Rotain
Koya,Tumba,Matholie
Koya,Tumba,Rokontha
Koya,Tumba,Mafeleh
Koya,Tumba,Makakandeh
Koya,Tumba,Mathombo Lol
Lokomasama,Mapiterr,Mapiterr
Lokomasama,Mapiterr,Roloko
Lokomasama,Mapiterr,Mathanko
Lokomasama,Mapiterr,Benkia
Lokomasama,Mapiterr,Rogbom
Lokomasama,Mapiterr,Bombeh
Lokomasama,Mapiterr,Mathim
Lokomasama,Mapiterr,Pintkly
Lokomasama,Mapiterr,Kaito
Lokomasama,Mapiterr,Sokohana
Lokomasama,Mannah,Masisi-Bana
Lokomasama,Mannah,Mayine
Lokomasama,Mannah,Mayonkoli I
Lokomasama,Mannah,Raka
Lokomasama,Mannah,Yakiba
Lokomasama,Mannah,Masisi -Lol
Lokomasama,Mannah,Roborope
Lokomasama,Mannah,Mayan
Lokomasama,Mannah,Rokon
Lokomasama,Mannah,Yema
Lokomasama,Mannah,Bumbe
Lokomasama,Mannah,Kola
Lokomasama,Mannah,Madick
Lokomasama,Mannah,Masom
Lokomasama,Mannah,Malai
Lokomasama,Mannah,Rothuck
Lokomasama,Mannah,Petifu-Conteh
Lokomasama,Mannah,Sorlar
Lokomasama,Mannah,Mabasie
Lokomasama,Mannah,Mafari
Lokomasama,Mannah,Makoya
Lokomasama,Mannah,Masineh
Lokomasama,Mannah,Poloth
Lokomasama,Mannah,Karma
Lokomasama,Magbokorr,Bundulai
Lokomasama,Magbokorr,Mayafa
Lokomasama,Magbokorr,Magbundus
Lokomasama,Magbokorr,Rolal
Lokomasama,Magbokorr,Malai
Lokomasama,Magbokorr,Malahai
Lokomasama,Magbokorr,Gbonkokasonko
Lokomasama,Magbokorr,MaGbokorr
Lokomasama,Magbokorr,Marape
Lokomasama,Komrabai,Komrabai
Lokomasama,Komrabai,Madonkeh
Lokomasama,Komrabai,Rowal
Lokomasama,Komrabai,Rosar
Lokomasama,Komrabai,Robain
Lokomasama,Komrabai,Mando
Lokomasama,Yurika,Ropoint
Lokomasama,Yurika,Probo
Lokomasama,Yurika,Robis
Lokomasama,Yurika,Balkinta
Lokomasama,Yurika,Makawbo
Lokomasama,Yurika,Makumpa
Lokomasama,Yurika,Masulimani
Lokomasama,Yurika,Masulimani Wharf
Lokomasama,Yurika,Bailor Wharf 
Lokomasama,Yurika,Robe
Lokomasama,Yurika,Petifu
Lokomasama,Yurika,Dembaya
Lokomasama,Yurika,Makando
Lokomasama,Yurika,Funkia-Benka
Lokomasama,Yurika,Bump-Rokom
Lokomasama,Yurika,Tifin
Lokomasama,Yurika,Bonfin
Lokomasama,Yurika,Maton
Lokomasama,Yurika,Robenk I
Lokomasama,Yurika,Makali
Lokomasama,Yurika,Kathente
Lokomasama,Yurika,Mayombo
Lokomasama,Yurika,Shekaya
Lokomasama,Yurika,Mabarikay
Lokomasama,Yurika,Musaya I
Lokomasama,Yurika,Kaliyiri
Lokomasama,Yurika,Roten
Lokomasama,Yurika,Gbom -Tane
Lokomasama,Yurika,Morifodiya I
Lokomasama,Yurika,Modiya
Lokomasama,Yurika,Yurika wharf
Lokomasama,Yurika,Yurika Town
Lokomasama,Yurika,Gbonko
Lokomasama,Yurika,Robumpah
Lokomasama,Yurika,Mabata
Lokomasama,Yurika,Keneday
Lokomasama,Yurika,Konteya
Lokomasama,Yurika,Hermankono
Lokomasama,Yurika,Kipollon
Lokomasama,Yurika,Sangoya
Lokomasama,Petifu,Petifu Village
Lokomasama,Petifu,Kambia I
Lokomasama,Petifu,Rolaya
Lokomasama,Matheng,Yalefodia
Lokomasama,Matheng,Laminaya
Lokomasama,Matheng,Malonti
Lokomasama,Matheng,Bakinia
Lokomasama,Matheng,Santigiya -Neneh
Lokomasama,Matheng,Forikolon
Lokomasama,Matheng,Karrma I
Lokomasama,Matheng,Gbom-Karrma
Lokomasama,Matheng,Rogbathan
Lokomasama,Matheng,Rogberay
Lokomasama,Matheng,Amaraya
Lokomasama,Matheng,Wusia
Lokomasama,Matheng,Yemia
Lokomasama,Matheng,Gore
Lokomasama,Matheng,Matheng
Lokomasama,Matheng,Mahun
Lokomasama,Matheng,Kigbal
Lokomasama,Matheng,Rogbaneh - Lol
Lokomasama,Benkia,Magbosonko
Lokomasama,Benkia,Magbosonko
Lokomasama,Benkia,Mamboi I
Lokomasama,Benkia,Benkia
Lokomasama,Benkia,Makofo
Lokomasama,Benkia,Masewa
Lokomasama,Benkia,Mapla
Lokomasama,Benkia,Misra
Lokomasama,Benkia,Dar-es-Salaam
Lokomasama,Royema,Madick
Lokomasama,Royema,Mayon
Lokomasama,Royema,Tintafore
Lokomasama,Royema,Makassa
Lokomasama,Royema,Thawa I
Lokomasama,Royema,Katerr
Lokomasama,Royema,Bakolo
Lokomasama,Royema,Gbom-Ban
Lokomasama,Royema,Gbom-Trate
Lokomasama,Royema,Royema
Lokomasama,Katonga,Katoma
Lokomasama,Katonga,Katonga
Lokomasama,Katonga,Masorie
Lokomasama,Katonga,Makemba
Lokomasama,Katonga,Gbonko-Kankalay
Lokomasama,Katonga,Makoi Baray
Lokomasama,Katonga,Gbonko-Peal
Lokomasama,Katonga,Mabay-Lama
Lokomasama,Katonga,Makomboh
Lokomasama,Katonga,Morie-Bangura
Lokomasama,Katonga,Bath-Sint
Lokomasama,Katonga,Gbombana
Lokomasama,Katonga,Makanko
Lokomasama,Katonga,Malibundu
Lokomasama,Katonga,Robay
Lokomasama,Kantaya,Rowula
Lokomasama,Kantaya,Kantaya
Lokomasama,Kantaya,India I
Lokomasama,Kantaya,Shekuya
Lokomasama,Kantaya,Masulimany I
Lokomasama,Kantaya,Shekuya
Lokomasama,Gbainty,Lower Katick
Lokomasama,Gbainty,Petifu Kagbulor
Lokomasama,Gbainty,Bakeh Kagbulor
Lokomasama,Gbainty,Yale Thomas
Lokomasama,Gbainty,Upper Katich
Lokomasama,Gbainty,Lower Petifu
Lokomasama,Gbainty,Babara A
Lokomasama,Gbainty,Lower Kalangba
Lokomasama,Gbainty,Upper Kalangba
Lokomasama,Gbainty,Maforay
Lokomasama,Gbainty,Lower Gbainty
Lokomasama,Gbainty,Matai
Lokomasama,Gbainty,Mayiriki
Lokomasama,Gbainty,Yale Gberay
Lokomasama,Gbainty,Royel
Lokomasama,Gbainty,Robis Fack
Lokomasama,Gbainty,Yema
Lokomasama,Gbainty,Rothompi I
Lokomasama,Gbainty,Manangbe
Lokomasama,Gbainty,Malai
Lokomasama,Gbainty,Mapang
Lokomasama,Gbainty,Magbam
Lokomasama,Gbainty,Mayorgbo
Lokomasama,Gbainty,Masoe
Lokomasama,Gbainty,Magbana
Lokomasama,Gbainty,Rogbon - Rokom
Lokomasama,Konta,Konta I
Lokomasama,Konta,Mapekra
Lokomasama,Konta,Bomp - Rokom
Lokomasama,Konta,Rombeh I
Lokomasama,Konta,Konta-Morie
Lokomasama,Konta,Mabolipeh
Lokomasama,Konta,Pampa
Lokomasama,Konta,Kamaro
Lokomasama,Konta,Romanneh I
Lokomasama,Konta,Kikam
Lokomasama,Konta,Yalatibie
Lokomasama,Konta,Yurika
Lokomasama,Konta,Maporon
Lokomasama,Konta,Makanre
Lokomasama,Kamasondo,Benkia
Lokomasama,Kamasondo,Foredugu
Lokomasama,Kamasondo,Tauya I
Lokomasama,Kamasondo,Magbansor
Lokomasama,Kamasondo,Mamuta
Lokomasama,Kamasondo,Making
Lokomasama,Kamasondo,Mayonkoh
Lokomasama,Kamasondo,Mathaineh
Lokomasama,Kamasondo,Kirima Village
Lokomasama,Kamasondo,Maribo
Lokomasama,Kamasondo,Mabendu
Lokomasama,Kamasondo,Mantamatui
Lokomasama,Kamasondo,Tanneneh
Lokomasama,Kamasondo,Makontho
Lokomasama,Kamasondo,Robroso -so
Lokomasama,Kamasondo,Robis
Lokomasama,Kamasondo,Mabome I
Lokomasama,Kamasondo,Lungi - Lol
Lokomasama,Kamasondo,Mapollon
Lokomasama,Kamasondo,Mafair
Lokomasama,Kamasondo,Masorie
Lokomasama,Kamasondo,Dare
Lokomasama,Kamasondo,Madina
Lokomasama,Kamasondo,Sengbe
Lokomasama,Kamasondo,Fernando-Po
Lokomasama,Kamasondo,Gbonkobankala
Lokomasama,Kamasondo,Pepel A
Lokomasama,Kamasondo,Mayagba
Lokomasama,Kamasondo,Ro- Limba
Lokomasama,Kamasondo,Kafu
Lokomasama,Kamasondo,Mapota
Maforki,Gberray Thunka,Gberray Thunkara
Maforki,Gberray Thunka,Malaberu
Maforki,Gberray Thunka,Masetleh
Maforki,Gberray Thunka,Tawfayim
Maforki,Gberray Thunka,Rokoray
Maforki,Gberray Thunka,Moworoko
Maforki,Gberray Thunka,Mapahun
Maforki,Gberray Thunka,Ropollon
Maforki,Gberray Thunka,Ponka
Maforki,Gberray Thunka,Yeama
Maforki,Gberray Thunka,Makaiba
Maforki,Gberray Thunka,Masonokoh
Maforki,Gberray Thunka,Masineh
Maforki,Gberray Thunka,Wonkifore
Maforki,Gberray Thunka,Maton
Maforki,Gberray Thunka,Boinlaw
Maforki,Mapolie,Mapolie
Maforki,Mapolie,Mamasa
Maforki,Mapolie,Magboru
Maforki,Mapolie,Maforki-Lol (Magborn)
Maforki,Mapolie,Robaila
Maforki,Mapolie,Masaymor
Maforki,Mapolie,Mamai Kanu
Maforki,Mapolie,Rokoray
Maforki,Mapolie,Mabassie
Maforki,Mapolie,Masawurr
Maforki,Mapolie,Rosint
Maforki,Gberray Bana,Fondu
Maforki,Gberray Bana,Magbeteh
Maforki,Gberray Bana,Magbontho-Yama
Maforki,Gberray Bana,Furawa
Maforki,Gberray Bana,Mabala
Maforki,Gberray Bana,Roforkor
Maforki,Gberray Bana,Gberray Bana
Maforki,Marunia,Makorya
Maforki,Marunia,Kambia
Maforki,Marunia,Yaba
Maforki,Marunia,Robis I
Maforki,Marunia,Mafoimara
Maforki,Marunia,Masuba
Maforki,Marunia,Makito
Maforki,Marunia,Makera
Maforki,Marunia,Mamboi
Maforki,Marunia,Matamba
Maforki,Gbonko Mayira,Gbonko Mayira
Maforki,Gbonko Mayira,Bumbe
Maforki,Gbonko Mayira,Makassie
Maforki,Gbonko Mayira,Matulie
Maforki,Gbonko Mayira,Petifu
Maforki,Gbonko Mayira,Taiama
Maforki,Gbonko Mayira,Makelfa
Maforki,Magbengbeh,Mayafura
Maforki,Magbengbeh,Mayamba
Maforki,Magbengbeh,Gbulan
Maforki,Magbengbeh,Magbengbeh
Maforki,Magbengbeh,Rothuk
Maforki,Mathera,Tendekom
Maforki,Mathera,Laminata
Maforki,Mathera,Babara
Maforki,Mathera,Makambisa
Maforki,Mathera,Manarrma
Maforki,Mathera,Konta
Maforki,Mathera,Bureh
Maforki,Mathera,Makapr
Maforki,Mathera,Rotombo
Maforki,Mathera,Bonklie
Maforki,Maforay,Maforay
Maforki,Maforay,Mabali
Maforki,Maforay,Rogbet
Maforki,Maforay,Mayeami
Maforki,Maforay,Gbalan
Maforki,Rosarr,Rosarr
Maforki,Rosarr,Rohint (N'Tafaire)
Maforki,Rosarr,Gberray - Lol
Maforki,Rosarr,Mapoto Case
Maforki,Rosarr,Tongbai
Maforki,Rosarr,Robana
Maforki,Rosarr,Bonklie Sarr
Maforki,Moria,Rokera
Maforki,Moria,Yeama
Maforki,Moria,Magbali-Lol
Maforki,Moria,Rogbleh
Maforki,Moria,Tekeya
Maforki,Moria,Taiama
Maforki,Moria,Moria
Maforki,Moria,Lungi
Maforki,Moria,Rogbom
Maforki,Moria,Masaisay
Maforki,Moria,Mathakan
Maforki,Moria,Malen
Maforki,Fenka,Fenka
Maforki,Fenka,Makilambo
Maforki,Fenka,Mabunputa
Maforki,Fenka,Gberrka
Maforki,Fenka,Gberray - Bum
Maforki,Fenka,Makingbo
Maforki,Fenka,Mankeneh
Maforki,Fenka,Maforay-Kel
Maforki,Fenka,Rotaipr
Maforki,Fenka,Rolal Paite
Maforki,Botpolon,Petifu
Maforki,Botpolon,Mampa
Maforki,Botpolon,Masoria
Maforki,Botpolon,Maminessie
Maforki,Botpolon,Batpolon
Maforki,Botpolon,Magbema
Maforki,Botpolon,Port Loko Road
Maforki,Botpolon,Konta
Maforki,Botpolon,Yenkisa
Maforki,Botpolon,Mamboi
Maforki,Komrabai-Water,Makassie
Maforki,Komrabai-Water,Rogbom
Maforki,Komrabai-Water,Waterloo
Maforki,Komrabai-Water,Mawuroko
Maforki,Komrabai-Water,Yeama
Maforki,Komrabai-Water,Rogbom-Sannah
Maforki,Komrabai-Water,Royongoro
Maforki,Komrabai-Water,Morlai
Maforki,Komrabai-Water,Lungi
Maforki,Magbankitha,Mamoray
Maforki,Magbankitha,Makelfa
Maforki,Magbankitha,Ronorla
Maforki,Magbankitha,Malingban
Maforki,Magbankitha,Magbankitha
Maforki,Magbankitha,Rolath
Maforki,Magbankitha,Mabariki
Maforki,Maronko,Maronko
Maforki,Maronko,Makaro
Maforki,Maronko,Mafuis
Maforki,Maronko,Mamanso
Maforki,Maronko,Magbongbo
Maforki,Maronko,Romanneh
Maforki,Mamanso,Rotemp
Maforki,Mamanso,Masuba
Maforki,Mamanso,Marunia
Maforki,Mamanso,Rogbesseh
Maforki,Mamanso,Masembeh
Maforki,Mamanso,Makayimbo
Maforki,Mamanso,Tendikom
Maforki,Romaka,Kamaranka Bana
Maforki,Romaka,Mataska
Maforki,Romaka,Rolal I
Maforki,Romaka,Makoth
Maforki,Romaka,Faiku
Maforki,Romaka,Katimpi
Maforki,Romaka,Rotawah
Maforki,Romaka,Tombo
Maforki,Romaka,Ropolon I
Maforki,Romaka,Maka
Maforki,Romaka,Sanda
Maforki,Kabata,Kalangba
Maforki,Kabata,Rononko
Maforki,Kabata,Konta
Maforki,Kabata,Mabonkani
Maforki,Kabata,Sengbeh
Maforki,Kabata,Katik
Maforki,Kabata,Masoko
Maforki,Kabata,Mataine
Maforki,Kabata,Kabata I
Maforki,Kabata,Makonteh I
Maforki,Kabata,Kamalo
Maforki,Kabata,Rosint
Maforki,Kabata,Masungbun
Maforki,Magbeni,Makali
Maforki,Magbeni,Limba Corner
Maforki,Magbeni,Maronka
Maforki,Magbeni,Magbeni
Maforki,Magbeni,Madina
Maforki,Magbeni,Mamara
Maforki,Magbeni,Kissi I (Mamara)
Maforki,Magbeni,Mange
Maforki,Magbeni,Rotain
Maforki,Magbeni,Rotifunk
Maforki,Magbeni,Rolal
Maforki,Magbeni,Marunia
Maforki,Magbeni,Masundo
Maforki,Magbeni,Rokon
Maforki,Magbeni,Four Mile
Maforki,Malal,Masorie
Maforki,Malal,Masantige
Maforki,Malal,Mayan
Maforki,Malal,Madick
Maforki,Malal,Madina
Maforki,Malal,Mansumana
Maforki,Malal,Masama
Maforki,Malal,Ropolon
Maforki,Malal,Futa
Maforki,Malal,Fonthy
Maforki,Malal,Robat
Maforki,Malal,Malal
Maforki,Malal,Kesema
Maforki,Malal,Masiaka
Maforki,Malal,Gbonko Mayemi I
Maforki,Tauya,Tauya
Maforki,Tauya,Mayira
Maforki,Tauya,Kambia
Maforki,Tauya,Mataity
Maforki,Tauya,Mabalay
Maforki,Tauya,Masorie
Maforki,Tauya,Gbonko Bageh
Maforki,Tauya,Tombotima
Maforki,Tauya,Maforay
Maforki,Gberray Morie,Makilma
Maforki,Gberray Morie,Konta Wosie
Maforki,Gberray Morie,Rogbom
Maforki,Gberray Morie,Makempita
Maforki,Gberray Morie,Manaiyepe
Maforki,Gberray Morie,Mafisone
Maforki,Gberray Morie,Mankara
Maforki,Gberray Morie,Tainkabereh
Maforki,Gberray Morie,Batsint
Maforki,Gberray Morie,Makot
Maforki,Gberray Morie,Rogberay
Maforki,Gberray Morie,Kasonko I
Maforki,Gberray Morie,Wonkifore
Maforki,Gberray Morie,Mayombo
Maforki,Gberray Morie,Mongaray I
Maforki,Gberray Morie,Limp Kakuru
Maforki,Gberray Morie,Gbonko
Maforki,Gberray Morie,Batyorla
Maforki,Gberray Morie,Karina
Maforki,Gberray Morie,Roline
Maforki,Gberray Morie,Fanye
Maforki,Gberray Morie,Rokilma
Maforki,Gberray Morie,Batsamp
Maforki,Gberray Morie,Kamator
Maforki,Gberray Morie,Yeama
Maforki,Gberray Morie,Rosan
Maforki,Gberray Morie,Rotuk
Maforki,Gberray Morie,Rotifunk
Maforki,Gberray Morie,Kakupa
Maforki,Gberray Morie,Rogbom-Sinor
Maforki,Gberray Morie,Sinor I
Maforki,Gberray Morie,Magbamba
Maforki,Makorobolia,Makaba I
Maforki,Makorobolia,Makorobolai
Maforki,Makorobolia,Makorie
Maforki,Makorobolia,Kasanko
Maforki,Makorobolia,Massoko
Maforki,Makorobolia,Makarambe
Maforki,Makorobolia,Matik
Maforki,Makorobolia,Rotuk
Maforki,Makorobolia,Rothawa
Maforki,Makorobolia,Mabockarie
Maforki,Makorobolia,Madikoh
Maforki,Makorobolia,Rogbunkuru
Maforki,Makorobolia,Mabondo
Maforki,Makorobolia,Masankin
Maforki,Maboni,Ro-bomp-Lol
Maforki,Maboni,Royema
Maforki,Maboni,Magbateh
Maforki,Maboni,Ro-Fanye
Maforki,Maboni,Mamaya
Maforki,Maboni,Lawmpa
Maforki,Maboni,Mamomoh
Maforki,Maboni,Maboni
Maforki,Massebay,Magbingbira
Maforki,Massebay,Masimar
Maforki,Massebay,Mabaeh
Maforki,Massebay,Madauda
Maforki,Massebay,Magbontokin
Maforki,Massebay,Robump
Maforki,Massebay,Madura
Maforki,Massebay,Massebay
Maforki,Massebay,Makili
Marampa,Mines - Lunsar,Operating Plant
Marampa,Rolankonoh,Magbitinoh
Marampa,Rolankonoh,Rokamba
Marampa,Rolankonoh,Rokupr
Marampa,Rolankonoh,Masaiko
Marampa,Rolankonoh,Msokobure
Marampa,Rolankonoh,Maligineh
Marampa,Rolankonoh,Mabaunday
Marampa,Rolankonoh,Masaybana
Marampa,Rolankonoh,Robonloh
Marampa,Mange,Rofonthaneh
Marampa,Mange,Rogbila
Marampa,Mange,Rolabor
Marampa,Mange,Rogbumfuta
Marampa,Mange,Mamusa
Marampa,Mange,Maloko
Marampa,Mange,Petifu
Marampa,Mange,Mamisirie
Marampa,Mange,Funikia
Marampa,Mange,Mange Town
Marampa,Marampa,Masetleh
Marampa,Marampa,Mile I (One)
Marampa,Marampa,Makump
Marampa,Marampa,Malompor
Marampa,Marampa,Matukia
Marampa,Marampa,Gbila
Marampa,Marampa,Amina (Keriff)
Marampa,Marampa,Matawkaw
Marampa,Marampa,Fadugu
Marampa,Marampa,Maforay
Marampa,Marampa,Manonko
Marampa,Marampa,Matinkaneh
Marampa,Magbele,Masita
Marampa,Magbele,Ropolon
Marampa,Magbele,Matengbo
Marampa,Magbele,Rogba
Marampa,Magbele,Lal - Fontrata
Marampa,Magbele,Mawilson
Marampa,Magbele,Magbele Town
Marampa,Magbele,Mayere
Marampa,Magbele,Magbala
Marampa,Magbele,Mosque
Marampa,Magbele,Rolal - Kalima
Marampa,Magbele,Makapr
Marampa,Rogballan,Royan
Marampa,Rogballan,Masokoma
Marampa,Rogballan,Old Magbafth
Marampa,Rogballan,Mayeno
Marampa,Rogballan,Magbla
Marampa,Rogballan,Komrabai
Marampa,Rogballan,Rofunk
Marampa,Mawullay,Musu
Marampa,Mawullay,Rolal
Marampa,Mawullay,Old Mabokari
Marampa,Mawullay,Moria
Marampa,Mawullay,Gbom - Limba
Marampa,Mawullay,Petifu
Marampa,Mawullay,Gbomsaybana
Marampa,Mawullay,Maforsa - Bana
Marampa,Mawullay,Mamanso
Marampa,Mawullay,Magbilik
Marampa,Mawullay,Tendokon
Marampa,Mawullay,Ro - Limba
Marampa,Mawullay,Mapolie
Marampa,Mawullay,Maseka
Marampa,Mawullay,Masuba
Marampa,Mawullay,Makosa
Marampa,Petifu Madina,Mafuri
Marampa,Petifu Madina,Makerie
Marampa,Petifu Madina,Makamderr
Marampa,Petifu Madina,Roborku
Marampa,Petifu Madina,Mabetor
Marampa,Petifu Madina,Mamasa
Marampa,Petifu Madina,Rokerot
Marampa,Petifu Madina,Malankan
Marampa,Petifu Madina,Matelane
Marampa,Petifu Madina,Rotalsin
Marampa,Petifu Madina,Makargbo
Masimera,Biki,Robiki
Masimera,Biki,Makolerr
Masimera,Biki,Konta - Kuma
Masimera,Biki,Konta -Kuma
Masimera,Biki,Mamowa
Masimera,Biki,Mamoi
Masimera,Biki,Mathalay I
Masimera,Biki,Maserry
Masimera,Biki,Petifu-Gbompa
Masimera,Biki,Konta-Line
Masimera,Biki,Konta - Line
Masimera,Biki,Makoloh
Masimera,Biki,Masembu
Masimera,Biki,Makagbo
Masimera,Biss-Manika,Mathainne
Masimera,Biss-Manika,Mayelma
Masimera,Biss-Manika,Rolal
Masimera,Biss-Manika,Mamorka
Masimera,Biss-Manika,Masine
Masimera,Biss-Manika,Rogberay
Masimera,Biss-Manika,Petifu Manika
Masimera,Biss-Manika,Robis
Masimera,Biss-Manika,Robunth
Masimera,Biss-Manika,Taindecome
Masimera,Biss-Manika,Mayara
Masimera,Biss-Manika,Makulun
Masimera,Biss-Manika,Mamire
Masimera,Katick,Katick
Masimera,Katick,Matonte
Masimera,Katick,Rotifunk
Masimera,Katick,Tempra
Masimera,Katick,Tainde Come
Masimera,Katick,Makomba-Serry
Masimera,Katick,Rosint-Lol
Masimera,Katick,Petifu
Masimera,Katick,Malompoh
Masimera,Katick,Makusery
Masimera,Katick,Mayassaneh
Masimera,Maconthe,Makonteh -Bana
Masimera,Maconthe,Masoko
Masimera,Maconthe,Maalie
Masimera,Maconthe,Mathalay
Masimera,Maconthe,Masamgbamba
Masimera,Maconthe,Mabantamu
Masimera,Maconthe,Kambia
Masimera,Maconthe,Magbalap
Masimera,Maconthe,Rogbalan
Masimera,Maconthe,Mama Tene
Masimera,Maconthe,Makapr
Masimera,Maconthe,Roballa
Masimera,Maconthe,Katem
Masimera,Maconthe,Magbafth
Masimera,Maconthe,Makera
Masimera,Maconthe,Mamanko
Masimera,Maconthe,Robonka
Masimera,Maconthe,Matholo
Masimera,Maconthe,Kadeka
Masimera,Maconthe,Konta
Masimera,Maconthe,Mokonko
Masimera,Maconthe,Laya
Masimera,Maconthe,Kanry-Hill
Masimera,Maconthe,Moriya
Masimera,Maconthe,Magbende
Masimera,Maconthe,Madimbor
Masimera,Maconthe,Bumpe
Masimera,Maconthe,Mayombo
Masimera,Maconthe,Lumpa
Masimera,Mamalikie,Boisoloh
Masimera,Mamalikie,Makalu
Masimera,Mamalikie,Mamalikie
Masimera,Mamalikie,Makoloneh
Masimera,Mamalikie,Masannah
Masimera,Mamalikie,Makondor I
Masimera,Mamalikie,Taindecome
Masimera,Mamalikie,Masesay
Masimera,Mamalikie,Makonkbo
Masimera,Mamalikie,Mabua
Masimera,Mamalikie,Nwala
Masimera,Mamalikie,Mayamana
Masimera,Mamalikie,Robunth
Masimera,Masimera,Mafoi Bana
Masimera,Masimera,Petifu-Ferry
Masimera,Masimera,Roboli
Masimera,Masimera,Bondo-Ruko
Masimera,Masimera,Masimera
Masimera,Masimera,Mapeles
Masimera,Masimera,Sarokaw
Masimera,Masimera,Rotimbo
Masimera,Masimera,Magbenka
Masimera,Matuku,Makrugbeh
Masimera,Matuku,Mayola Baba I
Masimera,Matuku,Matuku
Masimera,Matuku,Masanka
Masimera,Matuku,Rotuck
Masimera,Matuku,Komrabai
Masimera,Matuku,Maftrkaw
Masimera,Matuku,Makomba-Gbla
Masimera,Matuku,Magbafth
Masimera,Matuku,Mafaray
Masimera,Matuku,Mathiree
Masimera,Matuku,Makonday
Masimera,Matuku,Rokolon
Masimera,Matuku,Mawanka
Masimera,Matuku,Mataw
Masimera,Matuku,Makalben
Masimera,Matuku,Makalben-Line
Masimera,Matuku,Rogberay
Masimera,Matuku,Yiben
Masimera,Mayola - Thatha,Rosint
Masimera,Mayola - Thatha,Rolangba
Masimera,Mayola - Thatha,Makoro
Masimera,Mayola - Thatha,Petifu-Lonko
Masimera,Mayola - Thatha,Mabonko I
Masimera,Mayola - Thatha,Madimbor
Masimera,Mayola - Thatha,Matukbo
Masimera,Mayola - Thatha,Mathalay - Lol
Masimera,Mayola - Thatha,Mafonie
Masimera,Mayola - Thatha,Magbenthor
Masimera,Mayola - Thatha,Fanye
Masimera,Mayola - Thatha,Petifu-Deen
Masimera,Mayola - Thatha,Kerifay
Masimera,Mayola - Thatha,Magbana-Konteh
Masimera,Mayola - Thatha,Mathalay Bana
Masimera,Mayola - Thatha,Mabankra
Masimera,Mayola - Thatha,Taindecome
Masimera,Mayola - Thatha,Bokuma
Masimera,Mayola - Thatha,Masaki I
Masimera,Mayola - Thatha,Mayola-lal-Raton
Masimera,Mayola - Thatha,Mabangura
Masimera,Mayola - Thatha,Makundu
Masimera,Mayola - Thatha,Marende
Masimera,Mayola - Thatha,Manchear
Masimera,Nonkoba,Komrabai
Masimera,Nonkoba,Kukuna
Masimera,Nonkoba,Tongbai
Masimera,Nonkoba,Maselu
Masimera,Nonkoba,Roll
Masimera,Nonkoba,Nonkoba
Masimera,Rokel,Rokel
Masimera,Rokel,Maso
Masimera,Rokel,Petifu
Masimera,Rokel,Rofutu
Masimera,Rokel,Komrabai
Masimera,Rokel,Benkeya
Masimera,Rokel,Robun
Masimera,Rokon/Komboya,Magbotho
Masimera,Rokon/Komboya,Krima
Masimera,Rokon/Komboya,Maroto
Masimera,Rokon/Komboya,Masay-Bana
Masimera,Rokon/Komboya,Maforay-Loko
Masimera,Rokon/Komboya,Wal Bana
Masimera,Rokon/Komboya,Rotheren
Masimera,Rokon/Komboya,Magboshoko
Masimera,Rokon/Komboya,Makoko
Masimera,Rokon/Komboya,Rokon
Masimera,Rokon/Komboya,Mayabundu
Masimera,Rokon/Komboya,Konta
Masimera,Rokon/Komboya,Maforay-Bap
Masimera,Rokon/Komboya,Mabankra
Masimera,Rokon/Komboya,Mamorrka
Masimera,Rokon/Komboya,Saith-Nin
Masimera,Rokon/Komboya,Magbengbeh
Masimera,Rokon/Komboya,Lungi
Masimera,Rokon/Komboya,Yema
Masimera,Rokon/Komboya,Wala
Masimera,Rokon/Komboya,Barimbeh
Masimera,Rokon/Komboya,Mathaineh Bana
Masimera,Rokon/Komboya,Masawurr
Masimera,Rokon/Komboya,Mathaineh -Lol
Masimera,Rokon/Komboya,Yema-Kimbi
Masimera,Rokon/Komboya,Roline Kapa Ballah
Masimera,Rokon/Komboya,Robis
Masimera,Rokon/Komboya,Mamottor
Masimera,Rokon/Komboya,Mamosaw
Masimera,Yoni - Pet,Masuba
Masimera,Yoni - Pet,Tiama
Masimera,Yoni - Pet,Water Loo
Masimera,Yoni - Pet,Kuranko
Masimera,Yoni - Pet,Maska
Masimera,Yoni - Pet,Kulka Ton
Masimera,Yoni - Pet,Rotret
Masimera,Yoni - Pet,Mamoyor
Masimera,Yoni - Pet,Yoni Pet
Masimera,Yoni - Pet,Makrakoh
Masimera,Yoni - Pet,Rothoma
Masimera,Yoni - Pet,Mabankra
Masimera,Yoni - Pet,Mayeli - Massa
Masimera,Yoni - Pet,Makankaneh
Masimera,Yoni - Pet,Madimoh Yema
Masimera,Yoni - Pet,Mamanso
Masimera,Yoni - Pet,Makireh
Masimera,Yoni - Pet,Mapoli
Masimera,Yoni - Pet,Mayengbay
Masimera,Yoni - Pet,Marenkoh
Sanda Magbolontor,Bankro,Rosint
Sanda Magbolontor,Bankro,Forekariah
Sanda Magbolontor,Bankro,Manais
Sanda Magbolontor,Bankro,Masillah
Sanda Magbolontor,Bankro,Magbasi
Sanda Magbolontor,Rotigbonko,Mayamie
Sanda Magbolontor,Rotigbonko,Banthoron
Sanda Magbolontor,Rotigbonko,Mawoya
Sanda Magbolontor,Rotigbonko,Ropolon
Sanda Magbolontor,Rotigbonko,Mafinthie
Sanda Magbolontor,Rotigbonko,Makanday
Sanda Magbolontor,Rotigbonko,Rpbat
Sanda Magbolontor,Rotigbonko,Mayamba
Sanda Magbolontor,Rotigbonko,Ro-Warreh
Sanda Magbolontor,Rotigbonko,Ro-Yema
Sanda Magbolontor,Rotigbonko,Ro-Kuprr
Sanda Magbolontor,Mogbolontor,Magbolontor
Sanda Magbolontor,Mogbolontor,Kamaloo
Sanda Magbolontor,Mogbolontor,Malompri
Sanda Magbolontor,Mogbolontor,Magbalan
Sanda Magbolontor,Mogbolontor,Mabonkane
Sanda Magbolontor,Mogbolontor,Waliya
Sanda Magbolontor,Mogbolontor,Rosomp
Sanda Magbolontor,Mogbolontor,Ro-Gbalamuya
Sanda Magbolontor,Mogbolontor,Lungi
Sanda Magbolontor,Mankneh,Mankneh
Sanda Magbolontor,Mankneh,Paitfu
Sanda Magbolontor,Masien,Mafarma
Sanda Magbolontor,Masien,Paitfu
Sanda Magbolontor,Masien,Gbaingfay
Sanda Magbolontor,Masien,Konta-Mafrikie
Sanda Magbolontor,Masien,Robat
Sanda Magbolontor,Masien,Rokthenti
Sanda Magbolontor,Masien,Masien
Sanda Magbolontor,Malkiya,Malkiya
Sanda Magbolontor,Malkiya,Rotain
Sanda Magbolontor,Malkiya,Kalangba
Sanda Magbolontor,Gbaneh-Loko,Tongbai
Sanda Magbolontor,Gbaneh-Loko,Malal I
Sanda Magbolontor,Gbaneh-Loko,Magbathy
Sanda Magbolontor,Gbaneh-Loko,Gbaneh - Loko
Sanda Magbolontor,Gbaneh-Loko,Maforki
Sanda Magbolontor,Gbaneh-Loko,Madineh I
Sanda Magbolontor,Gbaneh-Loko,Masinkoh
Sanda Magbolontor,Layamatmetank,Ro-Gberay
Sanda Magbolontor,Layamatmetank,Roksanda
Sanda Magbolontor,Layamatmetank,Rotain
Sanda Magbolontor,Layamatmetank,Mawonoin
Sanda Magbolontor,Layamatmetank,Laya
Sanda Magbolontor,Layamatmetank,Makinki
Sanda Magbolontor,Layamatmetank,Lungi
Sanda Magbolontor,Layamatmetank,Bassa
Sanda Magbolontor,Menthen,Makatay
Sanda Magbolontor,Menthen,Daimba
Sanda Magbolontor,Menthen,Masanah
Sanda Magbolontor,Menthen,Timbo
Sanda Magbolontor,Menthen,Mapah (Menthen)
Sanda Magbolontor,Menthen,Konta (Menthen)
Sanda Magbolontor,Menthen,Menthen
Sanda Magbolontor,Sendugu,Sendugu
Sanda Magbolontor,Sendugu,Magberakatay
Sanda Magbolontor,Sendugu,Warreh -Line
Sanda Magbolontor,Sendugu,Warreh -Masia
Sanda Magbolontor,Sendugu,Rogbin
Sanda Magbolontor,Sendugu,Ro-Gberay
Sanda Magbolontor,Gbogbodo,Makai
Sanda Magbolontor,Gbogbodo,Maloko
Sanda Magbolontor,Gbogbodo,Thofoyim
Sanda Magbolontor,Gbogbodo,Englend
Sanda Magbolontor,Gbogbodo,Wonkifor
Sanda Magbolontor,Gbogbodo,Mafoyan
Sanda Magbolontor,Gbogbodo,Gbogbodo
Sanda Magbolontor,Gbogbodo,Masana - Fala
Sanda Magbolontor,Gbogbodo,Mafoyonie
Sanda Magbolontor,Gbogbodo,Khadalic
Sanda Magbolontor,Gbogbodo,Pontonka
Sanda Magbolontor,Gbogbodo,Mayama
Sanda Magbolontor,Kantia,Kathala
Sanda Magbolontor,Kantia,Masama
Sanda Magbolontor,Kantia,Magbathy
Sanda Magbolontor,Kantia,Kesseteh
Sanda Magbolontor,Kantia,Kantia I
Sanda Magbolontor,Kantia,Kangnokey
Sanda Magbolontor,Gbonko,Mateh
Sanda Magbolontor,Gbonko,Makinki
Sanda Magbolontor,Gbonko,Kathinta (Mateh)
Sanda Magbolontor,Gbonko,Gbonko
Sanda Magbolontor,Gbonko,Katimpie
Sanda Magbolontor,Robis,Gbaneh-Gbak
Sanda Magbolontor,Robis,Robis
Sanda Magbolontor,Robis,Makena
Sanda Magbolontor,Robis,Badie
Tinkatupa Makama Safroko,Kargbo,Sanda
Tinkatupa Makama Safroko,Kargbo,Magbankan
Tinkatupa Makama Safroko,Kargbo,Magbaft
Tinkatupa Makama Safroko,Kargbo,Konike
Tinkatupa Makama Safroko,Kargbo,Rolip
Tinkatupa Makama Safroko,Kargbo,Gbonkeh
Tinkatupa Makama Safroko,Kargbo,Rokel
Tinkatupa Makama Safroko,Kargbo,Mabulum
Tinkatupa Makama Safroko,Kambia,Moria
Tinkatupa Makama Safroko,Kambia,Mabenket
Tinkatupa Makama Safroko,Kambia,Robat
Tinkatupa Makama Safroko,Kambia,Mabundu
Tinkatupa Makama Safroko,Kambia,Kalangba
Tinkatupa Makama Safroko,Kambia,Mateti
Tinkatupa Makama Safroko,Kambia,Gberi
Tinkatupa Makama Safroko,Kambia,Kambia I
Tinkatupa Makama Safroko,Konkorie,Masineh
Tinkatupa Makama Safroko,Konkorie,Magberi
Tinkatupa Makama Safroko,Konkorie,Masangban
Tinkatupa Makama Safroko,Konkorie,Romampa
Tinkatupa Makama Safroko,Konkorie,Futa
Tinkatupa Makama Safroko,Konkorie,Bane
Tinkatupa Makama Safroko,Konkorie,Rogbom
Tinkatupa Makama Safroko,Konkorie,Maboi
Tinkatupa Makama Safroko,Konkorie,Ro-Lol
Tinkatupa Makama Safroko,Konkorie,Rosint
Tinkatupa Makama Safroko,Konkorie,Maso
Tinkatupa Makama Safroko,Konkorie,Benkia
Tinkatupa Makama Safroko,Konkorie,Makene
Tinkatupa Makama Safroko,Konkorie,Mafengbe
Tinkatupa Makama Safroko,Gbaray Bana,Makekolie
Tinkatupa Makama Safroko,Gbaray Bana,Masong
Tinkatupa Makama Safroko,Gbaray Bana,Worreh I
Tinkatupa Makama Safroko,Gbaray Bana,Makassi
Tinkatupa Makama Safroko,Gbaray Bana,Forikaria
Tinkatupa Makama Safroko,Gbaray Bana,Gbaray Bana
Tinkatupa Makama Safroko,Gbaray Bana,Makombeh
Tinkatupa Makama Safroko,Gbaray Bana,Maronkay
Tinkatupa Makama Safroko,Gbaray Bana,Masineh
Tinkatupa Makama Safroko,Gbaray Bana,Masiray
Tinkatupa Makama Safroko,Kanu,Marenka
Tinkatupa Makama Safroko,Kanu,Maforki
Tinkatupa Makama Safroko,Kanu,Robomp
Tinkatupa Makama Safroko,Kanu,Bankru
Tinkatupa Makama Safroko,Kanu,Banka
Tinkatupa Makama Safroko,Kanu,Makapr
Tinkatupa Makama Safroko,Kanu,Baka
Tinkatupa Makama Safroko,Kanu,Manso
Tinkatupa Makama Safroko,Kanu,Kakuta
Tinkatupa Makama Safroko,Kanu,Rosanda
Tinkatupa Makama Safroko,Mafonikay,Mafonikay
Tinkatupa Makama Safroko,Mafonikay,Matas
Tinkatupa Makama Safroko,Mafonikay,Rotain
Tinkatupa Makama Safroko,Mafonikay,Mahera
Tinkatupa Makama Safroko,Magbafth,Mange
Tinkatupa Makama Safroko,Magbafth,Gberi- Lol
Tinkatupa Makama Safroko,Magbafth,Gbom-Fonta
Tinkatupa Makama Safroko,Magbafth,Funknyin
Tinkatupa Makama Safroko,Magbafth,Makapr
Tinkatupa Makama Safroko,Magbafth,Magbafth
Tinkatupa Makama Safroko,Magbafth,Gbom-Thanko
Tinkatupa Makama Safroko,Magbafth,Masorie
Tinkatupa Makama Safroko,Magbapsa,Konsu
Tinkatupa Makama Safroko,Magbapsa,Gbila
Tinkatupa Makama Safroko,Magbapsa,Mafuri
Tinkatupa Makama Safroko,Magbapsa,Rosint
Tinkatupa Makama Safroko,Magbapsa,Mayira
Tinkatupa Makama Safroko,Magbapsa,Mafofana
Tinkatupa Makama Safroko,Magbapsa,Maban
Tinkatupa Makama Safroko,Magbapsa,Magbapsa
Tinkatupa Makama Safroko,Magbapsa,Matekere
Tinkatupa Makama Safroko,Magbapsa,Rokel
Tinkatupa Makama Safroko,Malakuray,Gbom I (Madina)
Tinkatupa Makama Safroko,Malakuray,Mabejeh
Tinkatupa Makama Safroko,Malakuray,Kenenba
Tinkatupa Makama Safroko,Malakuray,Mawura
Tinkatupa Makama Safroko,Malakuray,Malakuray I
Tinkatupa Makama Safroko,Malakuray,Robat
Tinkatupa Makama Safroko,Malakuray,Maraka
Tinkatupa Makama Safroko,Malakuray,Fothaneh
Tinkatupa Makama Safroko,Malakuray,Robis
Tinkatupa Makama Safroko,Malakuray,Maforay
Tinkatupa Makama Safroko,Maron,Mafarma
Tinkatupa Makama Safroko,Maron,Mamboi
Tinkatupa Makama Safroko,Maron,Masoko
Tinkatupa Makama Safroko,Maron,Mabatha
Tinkatupa Makama Safroko,Maron,Masianeh
Tinkatupa Makama Safroko,Maron,Maron
Tinkatupa Makama Safroko,Maron,Rogbom
Tinkatupa Makama Safroko,Maron,Rokupr
Tinkatupa Makama Safroko,Maron,Mabure
Tinkatupa Makama Safroko,Maron,Ro-Bonko
Tinkatupa Makama Safroko,Robombeh,Marenka
Tinkatupa Makama Safroko,Robombeh,Rogbaneh
Tinkatupa Makama Safroko,Robombeh,Bombeh
Tinkatupa Makama Safroko,Robombeh,Magbana
Tinkatupa Makama Safroko,Robombeh,Kalangba
